var,upper_mold_temp1,upper_mold_temp2,lower_mold_temp1,lower_mold_temp2,Coolant_temperature
upper_mold_temp1,1591.38413,171.737395,-68.344648,694.267212,10.983294
upper_mold_temp2,171.737395,313.83397,122.46166,194.277955,12.568786
lower_mold_temp1,-68.344648,122.46166,1056.410256,-76.971875,5.942511
lower_mold_temp2,694.267212,194.277955,-76.971875,1124.600061,20.073014
Coolant_temperature,10.983294,12.568786,5.942511,20.073014,4.745007
