var,upper_mold_temp1,upper_mold_temp2,lower_mold_temp1,lower_mold_temp2,Coolant_temperature
upper_mold_temp1,2184.691133,59.490486,215.500601,969.129771,-24.260635
upper_mold_temp2,59.490486,229.163234,322.152171,173.589358,0.917755
lower_mold_temp1,215.500601,322.152171,1163.697249,-425.509129,-5.583567
lower_mold_temp2,969.129771,173.589358,-425.509129,1900.700261,-16.166537
Coolant_temperature,-24.260635,0.917755,-5.583567,-16.166537,4.328931
