var,upper_mold_temp1,upper_mold_temp2,lower_mold_temp1,lower_mold_temp2,Coolant_temperature
upper_mold_temp1,894.244156,94.612987,108.516883,15.051948,-6.353247
upper_mold_temp2,94.612987,68.97013,97.344805,89.366883,6.246104
lower_mold_temp1,108.516883,97.344805,154.119156,142.822403,10.48539
lower_mold_temp2,15.051948,89.366883,142.822403,177.160714,12.100325
Coolant_temperature,-6.353247,6.246104,10.48539,12.100325,1.137338
