var,upper_mold_temp1,upper_mold_temp2,lower_mold_temp1,lower_mold_temp2,Coolant_temperature
upper_mold_temp1,958.654604,347.361164,348.391187,-78.622508,-15.440608
upper_mold_temp2,347.361164,733.723937,-45.736142,-210.81936,-33.941177
lower_mold_temp1,348.391187,-45.736142,1944.734352,-962.277183,44.056452
lower_mold_temp2,-78.622508,-210.81936,-962.277183,1825.466947,-1.335291
Coolant_temperature,-15.440608,-33.941177,44.056452,-1.335291,8.105254
